Puka Nacua WR - LAR,If it ain't Bo don't Nix it
Christian McCaffrey RB - SF,Annihilators
Jonathan Taylor RB - IND,If it ain't Bo don't Nix it
Josh Allen QB - BUF,The Injury Report
Patrick Mahomes QB - KC,Sea Sharp
Amon-Ra St. Brown WR - DET View News,Fishoutawater
Baker Mayfield QB - TB,The Eskimo Brothers
Jalen Hurts QB - PHI,Pidgin
Javonte Williams RB - DAL,If it ain't Bo don't Nix it
Emeka Egbuka WR - TB,Saquon Deez
Dak Prescott QB - DAL,Annihilators
Jaxon Smith-Njigba WR - SEA,Sea Sharp
Matthew Stafford QB - LAR,If it ain't Bo don't Nix it
Drake Maye QB - NE,Striking Shibas
James Cook RB - BUF,Chase-ing points
Jahmyr Gibbs RB - DET,Fishoutawater
Daniel Jones QB - IND,Chase-ing points
Garrett Wilson WR - NYJ,Annihilators
Lamar Jackson QB - BAL Q View News,Saquon Deez
De'Von Achane RB - MIA,Striking Shibas
Jared Goff QB - DET,Fishoutawater
George Pickens WR - DAL,If it ain't Bo don't Nix it
Deebo Samuel Sr. WR - WAS,Chase-ing points
Justin Herbert QB - LAC,Fishoutawater
Bijan Robinson RB - ATL,If it ain't Bo don't Nix it
Justin Fields QB - NYJ,Sea Sharp
Quentin Johnston WR - LAC Q View News,Fishoutawater
Ja'Marr Chase WR - CIN,Chase-ing points
Jake Ferguson TE - DAL,Fishoutawater
Kyren Williams RB - LAR,Striking Shibas
Bo Nix QB - DEN,If it ain't Bo don't Nix it
Caleb Williams QB - CHI,The Injury Report
Sam Darnold QB - SEA,Saquon Deez
Saquon Barkley RB - PHI,Saquon Deez
Courtland Sutton WR - DEN,The Eskimo Brothers
Justin Jefferson WR - MIN,Striking Shibas
Rome Odunze WR - CHI,The Eskimo Brothers
Michael Pittman WR - IND,Sea Sharp
Omarion Hampton RB - LAC IR,Reserve
Keenan Allen WR - LAC,Annihilators
Davante Adams WR - LAR,Saquon Deez
Travis Etienne RB - JAX,The Eskimo Brothers
Ashton Jeanty RB - LV,Sea Sharp
Jordan Love QB - GB,Chase-ing points
Zay Flowers WR - BAL Q View News,Pidgin
J.K. Dobbins RB - DEN,Saquon Deez
Josh Jacobs RB - GB,Chase-ing points
Bucky Irving RB - TB Q View News,The Injury Report
Jaylen Waddle WR - MIA,Sea Sharp
David Montgomery RB - DET,Chase-ing points
Nico Collins WR - HOU,Annihilators
Cam Skattebo RB - NYG,Chase-ing points
Dalton Kincaid TE - BUF Q View News,Saquon Deez
Tyler Warren TE - IND,Striking Shibas
Breece Hall RB - NYJ,The Injury Report
Stefon Diggs WR - NE,Striking Shibas
Kenneth Walker III RB - SEA,Pidgin
Marvin Harrison Jr. WR - ARI,Chase-ing points
Trey McBride TE - ARI,Chase-ing points
Quinshon Judkins RB - CLE,The Eskimo Brothers
Chris Olave WR - NO,Fishoutawater
Jacory Croskey-Merritt RB - WAS,The Eskimo Brothers
Jordan Mason RB - MIN,Striking Shibas
Hunter Henry TE - NE,Saquon Deez
Derrick Henry RB - BAL,Fishoutawater
Tetairoa McMillan WR - CAR,Striking Shibas
DK Metcalf WR - PIT,Saquon Deez
Travis Kelce TE - KC,Sea Sharp
DeVonta Smith WR - PHI,Chase-ing points
Khalil Shakir WR - BUF,Sea Sharp
Alvin Kamara RB - NO Q View News,Saquon Deez
Jayden Daniels QB - WAS,Striking Shibas
Tony Pollard RB - TEN,The Eskimo Brothers
Chuba Hubbard RB - CAR Q View News,Annihilators
Wan'Dale Robinson WR - NYG,The Injury Report
Romeo Doubs WR - GB,Fishoutawater
Drake London WR - ATL,Striking Shibas
Jakobi Meyers WR - LV,If it ain't Bo don't Nix it
Sam LaPorta TE - DET,Annihilators
Rico Dowdle RB - CAR,The Injury Report
Jake Tonges TE - SF,The Injury Report
Kenneth Gainwell RB - PIT,Fishoutawater
Dallas Goedert TE - PHI,If it ain't Bo don't Nix it
Ricky Pearsall WR - SF Q View News,Striking Shibas
Juwan Johnson TE - NO Q View News,Fishoutawater
Michael Penix Jr. QB - ATL,Pidgin
Rachaad White RB - TB,Fishoutawater
Tucker Kraft TE - GB,Sea Sharp
Rhamondre Stevenson RB - NE,Sea Sharp
D'Andre Swift RB - CHI,The Injury Report
Chase Brown RB - CIN,Annihilators
Nick Chubb RB - HOU,Chase-ing points
Ladd McConkey WR - LAC,Striking Shibas
Brian Thomas Jr. WR - JAX,Annihilators
Kyle Pitts TE - ATL,Pidgin
Kareem Hunt RB - KC,Sea Sharp
Harold Fannin Jr. TE - CLE,The Eskimo Brothers
A.J. Brown WR - PHI,Pidgin
Jaylen Warren RB - PIT,Annihilators
Tory Horton WR - SEA,Pidgin
Mark Andrews TE - BAL,Pidgin
Justice Hill RB - BAL,Pidgin
Brock Bowers TE - LV Q View News,If it ain't Bo don't Nix it
Cooper Kupp WR - SEA,Pidgin
Elic Ayomanor WR - TEN,If it ain't Bo don't Nix it
Zach Ertz TE - WAS,Fishoutawater
Calvin Ridley WR - TEN,The Injury Report
TreVeyon Henderson RB - NE,Sea Sharp
Woody Marks RB - HOU,Annihilators
Tee Higgins WR - CIN,The Eskimo Brothers
T.J. Hockenson TE - MIN,The Injury Report
DJ Moore WR - CHI,Saquon Deez
Marvin Mims Jr. WR - DEN,Saquon Deez
CeeDee Lamb WR - DAL Q View News,The Injury Report
Darren Waller TE - MIA Q View News,The Eskimo Brothers
Zach Charbonnet RB - SEA,Pidgin
Trey Benson RB - ARI IR,Pidgin
Mike Evans WR - TB O View News,Annihilators
Jordan Addison WR - MIN,Chase-ing points
Tyler Allgeier RB - ATL,Pidgin
Jauan Jennings WR - SF Q View News,Saquon Deez
Kendre Miller RB - NO,If it ain't Bo don't Nix it
Xavier Worthy WR - KC Q View News,The Eskimo Brothers
Matthew Golden WR - GB,Sea Sharp
Terry McLaurin WR - WAS Q View News,The Injury Report
Blake Corum RB - LAR,Striking Shibas
Michael Carter RB - ARI,The Eskimo Brothers
Aaron Jones RB - MIN IR,Striking Shibas
Joe Burrow QB - CIN IR,Chase-ing points
Darnell Mooney WR - ATL Q View News,Pidgin
George Kittle TE - SF IR,The Eskimo Brothers
Chris Godwin Jr. WR - TB Q View News,The Injury Report
Kimani Vidal RB - LAC View News,The Eskimo Brothers
Hassan Haskins RB - LAC View News,Annihilators
Brandon Aiyuk WR - SF PUP,If it ain't Bo don't Nix it
Joe Mixon RB - HOU NFI-R,Striking Shibas
Rashee Rice WR - KC SUS,If it ain't Bo don't Nix it
Chase McLaughlin K - TB,Sea Sharp
Spencer Shrader K - IND IR,Fishoutawater
Brandon Aubrey K - DAL,The Eskimo Brothers
Joey Slye K - TEN Q View News,Fishoutawater
Harrison Butker K - KC,The Injury Report
Matt Prater K - BUF,Annihilators
Matt Gay K - WAS,Saquon Deez
Eddy Pineiro K - SF,Striking Shibas
Jake Bates K - DET,Chase-ing points
Cameron Dicker K - LAC,If it ain't Bo don't Nix it
Jake Elliott K - PHI,Pidgin
Jacksonville Jaguars DEF,Fishoutawater
Indianapolis Colts DEF,Annihilators
Detroit Lions DEF,The Injury Report
Minnesota Vikings DEF,If it ain't Bo don't Nix it
New England Patriots DEF,Striking Shibas
Denver Broncos DEF,Chase-ing points
Pittsburgh Steelers DEF,If it ain't Bo don't Nix it
Philadelphia Eagles DEF,Pidgin
San Francisco 49ers DEF,Saquon Deez
Green Bay Packers DEF,The Eskimo Brothers
Las Vegas Raiders DEF,Sea Sharp