Puka Nacua WR - LAR,Bo's Before Hoes
Josh Allen QB - BUF,The Injury Report
Christian McCaffrey RB - SF,Annihilators
Amon-Ra St. Brown WR - DET,Fishoutawater
Lamar Jackson QB - BAL D View News,Saquon Deez
James Cook RB - BUF,Chase-ing points
Jonathan Taylor RB - IND,Bo's Before Hoes
Patrick Mahomes QB - KC,Sea Sharp
Bijan Robinson RB - ATL,Bo's Before Hoes
Drake Maye QB - NE,Striking Shibas
Jalen Hurts QB - PHI,Pidgin
Caleb Williams QB - CHI,The Injury Report
Rome Odunze WR - CHI,The Eskimo Brothers
Quentin Johnston WR - LAC,Fishoutawater
Baker Mayfield QB - TB Q View News,The Eskimo Brothers
Jahmyr Gibbs RB - DET,Fishoutawater
Daniel Jones QB - IND,Chase-ing points
Javonte Williams RB - DAL,Bo's Before Hoes
Garrett Wilson WR - NYJ,Annihilators
De'Von Achane RB - MIA,Striking Shibas
George Pickens WR - DAL,Bo's Before Hoes
Jordan Love QB - GB,Chase-ing points
Justin Herbert QB - LAC,Fishoutawater
Dak Prescott QB - DAL,Annihilators
Josh Jacobs RB - GB,Chase-ing points
Bucky Irving RB - TB Q View News,The Injury Report
Jaxon Smith-Njigba WR - SEA,Sea Sharp
Emeka Egbuka WR - TB,Saquon Deez
Jared Goff QB - DET,Fishoutawater
Travis Etienne RB - JAX,The Eskimo Brothers
Bo Nix QB - DEN,Bo's Before Hoes
Keenan Allen WR - LAC,Annihilators
Deebo Samuel Sr. WR - WAS Q View News,Chase-ing points
Omarion Hampton RB - LAC,Sea Sharp
Tre Tucker WR - LV,The Eskimo Brothers
Saquon Barkley RB - PHI,Saquon Deez
Courtland Sutton WR - DEN,The Eskimo Brothers
Kyler Murray QB - ARI,Bo's Before Hoes
Michael Pittman WR - IND,Sea Sharp
Jake Ferguson TE - DAL,Fishoutawater
Davante Adams WR - LAR,Saquon Deez
Justin Jefferson WR - MIN,Striking Shibas
Zay Flowers WR - BAL,Pidgin
Justin Fields QB - NYJ,Sea Sharp
Ashton Jeanty RB - LV,Sea Sharp
DK Metcalf WR - PIT,Bo's Before Hoes
Ja'Marr Chase WR - CIN,Chase-ing points
J.K. Dobbins RB - DEN,Saquon Deez
Chuba Hubbard RB - CAR Q View News,Annihilators
Romeo Doubs WR - GB,Fishoutawater
Drake London WR - ATL,Striking Shibas
Kenneth Walker III RB - SEA,Pidgin
Nico Collins WR - HOU Q View News,Annihilators
Sam Darnold QB - SEA,Saquon Deez
Cam Skattebo RB - NYG,Chase-ing points
Kyren Williams RB - LAR,Striking Shibas
Hunter Henry TE - NE,Bo's Before Hoes
Trey McBride TE - ARI,Chase-ing points
Kenneth Gainwell RB - PIT,Fishoutawater
Ricky Pearsall WR - SF O View News,Striking Shibas
David Montgomery RB - DET,Chase-ing points
Tyler Warren TE - IND,Striking Shibas
Tucker Kraft TE - GB,Sea Sharp
D'Andre Swift RB - CHI,The Injury Report
Derrick Henry RB - BAL,Fishoutawater
Dalton Kincaid TE - BUF,Saquon Deez
Marvin Harrison Jr. WR - ARI,Chase-ing points
Chris Olave WR - NO,Fishoutawater
Juwan Johnson TE - NO Q View News,Fishoutawater
Quinshon Judkins RB - CLE View News,The Eskimo Brothers
Jordan Mason RB - MIN,Striking Shibas
Wan'Dale Robinson WR - NYG,The Injury Report
Breece Hall RB - NYJ,The Injury Report
Alvin Kamara RB - NO,Saquon Deez
Jaylen Waddle WR - MIA View News,Sea Sharp
Khalil Shakir WR - BUF,Sea Sharp
Jakobi Meyers WR - LV,Bo's Before Hoes
Kyle Pitts TE - ATL,Pidgin
Tyquan Thornton WR - KC,The Injury Report
Tetairoa McMillan WR - CAR,Striking Shibas
Jaylen Warren RB - PIT Q,Annihilators
Brock Bowers TE - LV Q View News,Bo's Before Hoes
Zach Ertz TE - WAS,Fishoutawater
Tony Pollard RB - TEN,The Eskimo Brothers
Dallas Goedert TE - PHI Q View News,Saquon Deez
Mark Andrews TE - BAL,Pidgin
Jayden Daniels QB - WAS View News,Striking Shibas
Travis Kelce TE - KC,Sea Sharp
Elic Ayomanor WR - TEN,Bo's Before Hoes
Woody Marks RB - HOU,Annihilators
DJ Moore WR - CHI,Bo's Before Hoes
DeVonta Smith WR - PHI,Chase-ing points
CeeDee Lamb WR - DAL O View News,The Injury Report
Chase Brown RB - CIN,Annihilators
TreVeyon Henderson RB - NE,Sea Sharp
Jameson Williams WR - DET,Annihilators
Brenton Strange TE - JAX,The Injury Report
Nick Chubb RB - HOU,Chase-ing points
Brian Thomas Jr. WR - JAX,Annihilators
RJ Harvey RB - DEN,Saquon Deez
Trey Benson RB - ARI IR View News,Pidgin
A.J. Brown WR - PHI,Pidgin
Marvin Mims Jr. WR - DEN Q View News,Saquon Deez
Mike Evans WR - TB O View News,Annihilators
Jacory Croskey-Merritt RB - WAS,The Eskimo Brothers
Sam LaPorta TE - DET,Annihilators
Ladd McConkey WR - LAC,Striking Shibas
Tory Horton WR - SEA,Pidgin
Cooper Kupp WR - SEA,Pidgin
T.J. Hockenson TE - MIN,The Injury Report
Tyler Allgeier RB - ATL,Pidgin
Jauan Jennings WR - SF O View News,Saquon Deez
Tee Higgins WR - CIN,The Eskimo Brothers
Rachaad White RB - TB,Fishoutawater
Bhayshul Tuten RB - JAX,Striking Shibas
Terry McLaurin WR - WAS Q View News,The Injury Report
Malik Washington WR - MIA,Striking Shibas
Zach Charbonnet RB - SEA,Pidgin
Darius Slayton WR - NYG,Sea Sharp
Rico Dowdle RB - CAR,The Injury Report
Aaron Jones RB - MIN IR,Striking Shibas
Darren Waller TE - MIA Q View News,The Eskimo Brothers
Xavier Worthy WR - KC,The Eskimo Brothers
Joe Burrow QB - CIN IR,Chase-ing points
Jordan Addison WR - MIN,Chase-ing points
Darnell Mooney WR - ATL Q,Pidgin
George Kittle TE - SF IR,The Eskimo Brothers
Emari Demercado RB - ARI View News,Sea Sharp
Chris Godwin Jr. WR - TB,The Injury Report
Michael Carter RB - ARI View News,The Eskimo Brothers
Brandon Aiyuk WR - SF PUP,Bo's Before Hoes
Joe Mixon RB - HOU NFI-R,Striking Shibas
Rashee Rice WR - KC SUS,Saquon Deez
Tyjae Spears RB - TEN IR View News,Bo's Before Hoes
Spencer Shrader K - IND,Fishoutawater
Brandon Aubrey K - DAL,The Eskimo Brothers
Jason Myers K - SEA,Striking Shibas
Harrison Butker K - KC,The Injury Report
Matt Prater K - BUF,Annihilators
Jake Bates K - DET,Chase-ing points
Matt Gay K - WAS,Saquon Deez
Tyler Loop K - BAL,Sea Sharp
Jake Elliott K - PHI,Pidgin
Wil Lutz K - DEN,Bo's Before Hoes
Seattle Seahawks DEF,Sea Sharp
Minnesota Vikings DEF,Bo's Before Hoes
Detroit Lions DEF View News,The Injury Report
Denver Broncos DEF View News,Chase-ing points
Los Angeles Rams DEF,Fishoutawater
Indianapolis Colts DEF,Annihilators
Arizona Cardinals DEF,Striking Shibas
Philadelphia Eagles DEF View News,Pidgin
Green Bay Packers DEF,The Eskimo Brothers
San Francisco 49ers DEF,Saquon Deez
Cleveland Browns DEF,The Eskimo Brothers
Baltimore Ravens DEF,Pidgin