Jonathan Taylor RB - IND,Silly Rabbit Nix is 4 Kids
Christian McCaffrey RB - SF,Annihilators
Patrick Mahomes QB - KC,Sea Sharp
Jalen Hurts QB - PHI,Pidgin
Drake Maye QB - NE,Striking Shibas
Ja'Marr Chase WR - CIN,Chase-ing points
Daniel Jones QB - IND,Chase-ing points
Bo Nix QB - DEN,Silly Rabbit Nix is 4 Kids
Justin Herbert QB - LAC,Fishoutawater
Josh Allen QB - BUF,The Injury Report
De'Von Achane RB - MIA,Striking Shibas
Jaxon Smith-Njigba WR - SEA,Sea Sharp
Dak Prescott QB - DAL,Annihilators
Bijan Robinson RB - ATL,Silly Rabbit Nix is 4 Kids
Javonte Williams RB - DAL,Silly Rabbit Nix is 4 Kids
George Pickens WR - DAL,Silly Rabbit Nix is 4 Kids
Amon-Ra St. Brown WR - DET,Fishoutawater
Baker Mayfield QB - TB,The Eskimo Brothers
Jahmyr Gibbs RB - DET,Fishoutawater
Puka Nacua WR - LAR View News,Silly Rabbit Nix is 4 Kids
James Cook RB - BUF,Chase-ing points
Josh Jacobs RB - GB Q View News,Chase-ing points
Matthew Stafford QB - LAR,Silly Rabbit Nix is 4 Kids
Jordan Love QB - GB,Chase-ing points
Saquon Barkley RB - PHI Q,Saquon Deez
Cam Skattebo RB - NYG IR,Chase-ing points
Michael Pittman WR - IND,Sea Sharp
Emeka Egbuka WR - TB,Saquon Deez
Jake Ferguson TE - DAL,Fishoutawater
Keenan Allen WR - LAC,Annihilators
Caleb Williams QB - CHI,The Injury Report
Chris Olave WR - NO,Fishoutawater
Jared Goff QB - DET,Fishoutawater
DeVonta Smith WR - PHI,Chase-ing points
Trey McBride TE - ARI,Chase-ing points
D'Andre Swift RB - CHI Q View News,Sea Sharp
Breece Hall RB - NYJ,The Injury Report
Tyler Warren TE - IND,Striking Shibas
Courtland Sutton WR - DEN,The Eskimo Brothers
Sam Darnold QB - SEA,Saquon Deez
Davante Adams WR - LAR,Saquon Deez
Kyren Williams RB - LAR,Striking Shibas
Jaylen Waddle WR - MIA,Sea Sharp
Rome Odunze WR - CHI Q View News,The Eskimo Brothers
Ladd McConkey WR - LAC Q View News,Striking Shibas
Justin Jefferson WR - MIN,Striking Shibas
Jaxson Dart QB - NYG,The Eskimo Brothers
Rico Dowdle RB - CAR,The Injury Report
DK Metcalf WR - PIT,Saquon Deez
Travis Kelce TE - KC,The Injury Report
Dallas Goedert TE - PHI,Silly Rabbit Nix is 4 Kids
Tetairoa McMillan WR - CAR,Striking Shibas
J.K. Dobbins RB - DEN,Saquon Deez
Wan'Dale Robinson WR - NYG,The Injury Report
Garrett Wilson WR - NYJ Q,Annihilators
Deebo Samuel Sr. WR - WAS,Chase-ing points
Quentin Johnston WR - LAC,Fishoutawater
Quinshon Judkins RB - CLE Q,The Eskimo Brothers
Jayden Daniels QB - WAS,Striking Shibas
Kayshon Boutte WR - NE,Fishoutawater
Troy Franklin WR - DEN,Fishoutawater
Ashton Jeanty RB - LV,Sea Sharp
Chase Brown RB - CIN,Annihilators
Zay Flowers WR - BAL,Pidgin
Stefon Diggs WR - NE View News,Striking Shibas
Drake London WR - ATL Q View News,Striking Shibas
Lamar Jackson QB - BAL,Saquon Deez
Rashid Shaheed WR - NO Q View News,Silly Rabbit Nix is 4 Kids
Derrick Henry RB - BAL,Fishoutawater
Travis Etienne RB - JAX,The Eskimo Brothers
A.J. Brown WR - PHI Q,Pidgin
Harold Fannin Jr. TE - CLE,Annihilators
Rachaad White RB - TB,Fishoutawater
Khalil Shakir WR - BUF,The Injury Report
Tee Higgins WR - CIN,The Eskimo Brothers
David Montgomery RB - DET,Chase-ing points
Alvin Kamara RB - NO Q View News,Saquon Deez
Jaylen Warren RB - PIT,Annihilators
Hunter Henry TE - NE,Saquon Deez
RJ Harvey RB - DEN,Sea Sharp
Kyle Pitts TE - ATL Q View News,Pidgin
Kyler Murray QB - ARI Q View News,Pidgin
Zach Ertz TE - WAS,Fishoutawater
Brian Thomas Jr. WR - JAX Q View News,Annihilators
Omarion Hampton RB - LAC IR,Sea Sharp
Juwan Johnson TE - NO,Fishoutawater
Nico Collins WR - HOU View News,Annihilators
Marvin Harrison Jr. WR - ARI,The Eskimo Brothers
Oronde Gadsden II TE - LAC,The Eskimo Brothers
Kenneth Walker III RB - SEA,Pidgin
Sam LaPorta TE - DET,Annihilators
CeeDee Lamb WR - DAL,The Injury Report
Rhamondre Stevenson RB - NE Q View News,Sea Sharp
Jordan Mason RB - MIN,Striking Shibas
Jacory Croskey-Merritt RB - WAS,The Eskimo Brothers
Chuba Hubbard RB - CAR,Annihilators
Bucky Irving RB - TB Q,The Injury Report
Dalton Kincaid TE - BUF,Saquon Deez
Woody Marks RB - HOU Q View News,Annihilators
Kareem Hunt RB - KC,The Injury Report
Theo Johnson TE - NYG,Chase-ing points
DJ Moore WR - CHI Q View News,Saquon Deez
Jordan Addison WR - MIN,Chase-ing points
Travis Hunter WR - JAX Q View News,Silly Rabbit Nix is 4 Kids
Zach Charbonnet RB - SEA,Pidgin
Cooper Kupp WR - SEA Q View News,Pidgin
Mark Andrews TE - BAL,Pidgin
T.J. Hockenson TE - MIN,The Injury Report
Kimani Vidal RB - LAC,The Eskimo Brothers
Ricky Pearsall WR - SF Q View News,Striking Shibas
Tyler Allgeier RB - ATL Q View News,Pidgin
Tez Johnson WR - TB,Annihilators
Rashee Rice WR - KC,Silly Rabbit Nix is 4 Kids
Jauan Jennings WR - SF,Saquon Deez
Brock Bowers TE - LV,Silly Rabbit Nix is 4 Kids
Terry McLaurin WR - WAS O,The Injury Report
Tyrone Tracy Jr. RB - NYG,The Eskimo Brothers
Bhayshul Tuten RB - JAX,Sea Sharp
Kyle Monangai RB - CHI,Striking Shibas
Trey Benson RB - ARI IR,Pidgin
Tyjae Spears RB - TEN,Silly Rabbit Nix is 4 Kids
Brock Purdy QB - SF Q View News,Sea Sharp
Mike Evans WR - TB IR,Annihilators
Bam Knight RB - ARI,Pidgin
George Kittle TE - SF,The Eskimo Brothers
Darnell Mooney WR - ATL View News,Pidgin
Aaron Jones RB - MIN,Striking Shibas
Joe Burrow QB - CIN IR,Chase-ing points
Chris Godwin Jr. WR - TB Q,The Injury Report
Kirk Cousins QB - ATL,Saquon Deez
Jalen Coker WR - CAR,Sea Sharp
Brandon Aiyuk WR - SF PUP,Silly Rabbit Nix is 4 Kids
Joe Mixon RB - HOU NFI-R,Striking Shibas
Brandon Aubrey K - DAL,The Eskimo Brothers
Chase McLaughlin K - TB,Chase-ing points
Cameron Dicker K - LAC,Silly Rabbit Nix is 4 Kids
Ka'imi Fairbairn K - HOU,Annihilators
Chris Boswell K - PIT,Sea Sharp
Eddy Pineiro K - SF,Striking Shibas
Harrison Butker K - KC,The Injury Report
Matt Gay K - WAS Q View News,Saquon Deez
Tyler Loop K - BAL,Pidgin
Jake Bates K - DET,Chase-ing points
Wil Lutz K - DEN,Fishoutawater
Spencer Shrader K - IND IR,Fishoutawater
New England Patriots DEF,Striking Shibas
Indianapolis Colts DEF View News,Annihilators
Denver Broncos DEF View News,Chase-ing points
Los Angeles Rams DEF View News,Fishoutawater
Seattle Seahawks DEF View News,The Eskimo Brothers
Houston Texans DEF View News,Sea Sharp
Philadelphia Eagles DEF,Pidgin
Buffalo Bills DEF View News,Silly Rabbit Nix is 4 Kids
Los Angeles Chargers DEF,The Injury Report
San Francisco 49ers DEF,Saquon Deez
Baltimore Ravens DEF,Pidgin
TreVeyon Henderson RB - NE,Sea Sharp
Mason Taylor TE - NYJ,Sea Sharp
